{
	"format_version": "1.8.0",
	"animations": {
		"attack": {
			"animation_length": 0.625,
			"bones": {
				"bone": {
					"rotation": [0, 0, 0],
					"position": [0, 0, 0],
					"scale": 1
				},
				"bone3": {
					"rotation": {
						"0.0": [0, 0, 0],
						"0.1667": [180, 0, 0],
						"0.2917": [180, 5, 0],
						"0.4167": [180, 5, 0],
						"0.5": [17.5, 5, 0]
					},
					"position": {
						"0.0": [0, 0, 0],
						"0.2917": [0, 1, 0],
						"0.4167": [0, 1, 0],
						"0.5833": [0, 0, 0]
					},
					"scale": 1
				},
				"bone2": {
					"rotation": [0, 0, 0],
					"position": [0, 0, 0],
					"scale": 1
				}
			}
		},
		"walk": {
			"loop": true,
			"animation_length": 0.3333,
			"bones": {
				"bh": {
					"rotation": {
						"0.0": [0, 0, 0],
						"0.0417": [-14.53797, -3.52612, -0.77093],
						"0.125": [15.46203, -3.52612, -0.77093],
						"0.25": [-14.53797, -3.52612, -0.77093],
						"0.3333": [12.96203, -3.52612, -0.77093]
					},
					"position": {
						"0.0": [0, 0, 0],
						"0.0417": [0, 0, -1],
						"0.125": [0, 0, 1],
						"0.25": [0, 0, -1],
						"0.3333": [0, 0, 1]
					}
				},
				"ah": {
					"rotation": {
						"0.0": [0, 0, 0],
						"0.0417": [15, 0, 0],
						"0.125": [-22.5, 0, 0],
						"0.25": [10, 0, 0],
						"0.3333": [-25, 0, 0]
					},
					"position": {
						"0.0": [0, 0, 0],
						"0.0417": [0, 0, 1],
						"0.125": [0, 0, -1],
						"0.25": [0, 0, 1],
						"0.3333": [0, 0, -1]
					}
				},
				"bone": {
					"rotation": [0, 0, 0],
					"position": [0, 0, 0]
				},
				"bone3": {
					"rotation": [0, 0, 0],
					"position": [0, 0, 0],
					"scale": 1
				}
			}
		},
		"attack2": {
			"animation_length": 0.7083,
			"bones": {
				"bone3": {
					"rotation": {
						"0.0": [-2.5, 0, 0],
						"0.1667": [30, 0, 0],
						"0.3333": [62.5, 0, 0],
						"0.4583": [115, 0, 0],
						"0.5833": [142.5, 0, 0],
						"0.7083": [177.5, 0, 0]
					}
				}
			},
			"timeline": {
				"0.5": "attack2"
			}
		},
		"attack3": {
			"animation_length": 1.5,
			"bones": {
				"bone": {
					"rotation": {
						"0.0": [0, 0, 0],
						"0.9583": [128.28761, -22.22485, -16.62484]
					},
					"position": {
						"0.0": [0, 0, 0],
						"0.9583": [-3, 1, 0],
						"1.4583": [0, 1, 0]
					},
					"scale": {
						"0.0": [1, 1, 1],
						"0.9583": [1, 1, 1],
						"1.4583": [1, 1, 1]
					}
				},
				"bone3": {
					"rotation": {
						"0.0": [0, 0, 0],
						"0.1667": [102.5, 0, 0],
						"1.4583": [40, 0, 0]
					},
					"position": {
						"0.0": [0, 0, 0],
						"0.1667": [0, 1, 0]
					}
				},
				"bone2": {
					"rotation": {
						"0.0": [0, 0, 0],
						"1.25": [0, -40, 0]
					},
					"scale": {
						"0.0": [1, 1, 1],
						"0.5833": [1, 1, 1.5],
						"0.7917": [1, 1, 1.9]
					}
				}
			},
			"timeline": {
				"1.0": "attack3"
			}
		},
		"idle": {
			"loop": true
		}
	},
	"geckolib_format_version": 2
}