{
	"format_version": "1.8.0",
	"animations": {
		"idle_cold": {
			"loop": true,
			"animation_length": 3,
			"bones": {
				"bone": {
					"rotation": {
						"0.0": {
							"vector": [0, 0, 0]
						},
						"0.0417": {
							"vector": [-0.16965, 0.0028, -0.76086]
						},
						"0.0833": {
							"vector": [0.56367, 0.04578, 10.48222]
						},
						"0.125": {
							"vector": [3.76555, 0.12187, -5.12361]
						},
						"0.1667": {
							"vector": [11.2052, 2.47779, 9.77381]
						},
						"0.2083": {
							"vector": [13.84333, 2.62701, 3.33093]
						},
						"0.2917": {
							"vector": [4.56068, 4.3374, 0.55813]
						},
						"0.4167": {
							"vector": [-14.44236, 9.19592, -1.35358]
						},
						"0.4583": {
							"vector": [0, 0, 0]
						},
						"0.5": {
							"vector": [-0.16965, 0.0028, -0.76086]
						},
						"0.5417": {
							"vector": [0.56367, 0.04578, 10.48222]
						},
						"0.5833": {
							"vector": [3.76555, 0.12187, -5.12361]
						},
						"0.625": {
							"vector": [11.2052, 2.47779, 9.77381]
						},
						"0.6667": {
							"vector": [13.84333, 2.62701, 3.33093]
						},
						"0.75": {
							"vector": [4.56068, 4.3374, 0.55813]
						},
						"0.875": {
							"vector": [-14.44236, 9.19592, -1.35358]
						},
						"0.9167": {
							"vector": [0, 0, 0]
						},
						"0.9583": {
							"vector": [-0.16965, 0.0028, -0.76086]
						},
						"1.0": {
							"vector": [0.56367, 0.04578, 10.48222]
						},
						"1.0417": {
							"vector": [3.76555, 0.12187, -5.12361]
						},
						"1.0833": {
							"vector": [11.2052, 2.47779, 9.77381]
						},
						"1.125": {
							"vector": [13.84333, 2.62701, 3.33093]
						},
						"1.2083": {
							"vector": [4.56068, 4.3374, 0.55813]
						},
						"1.3333": {
							"vector": [-14.44236, 9.19592, -1.35358]
						},
						"1.375": {
							"vector": [0, 0, 0]
						},
						"1.4167": {
							"vector": [-0.16965, 0.0028, -0.76086]
						},
						"1.4583": {
							"vector": [0.56367, 0.04578, 10.48222]
						},
						"1.5": {
							"vector": [3.76555, 0.12187, -5.12361]
						},
						"1.5417": {
							"vector": [11.2052, 2.47779, 9.77381]
						},
						"1.5833": {
							"vector": [13.84333, 2.62701, 3.33093]
						},
						"1.6667": {
							"vector": [4.56068, 4.3374, 0.55813]
						},
						"1.7917": {
							"vector": [-14.44236, 9.19592, -1.35358]
						},
						"1.8333": {
							"vector": [0, 0, 0]
						},
						"1.875": {
							"vector": [-0.16965, 0.0028, -0.76086]
						},
						"1.9167": {
							"vector": [0.56367, 0.04578, 10.48222]
						},
						"1.9583": {
							"vector": [3.76555, 0.12187, -5.12361]
						},
						"2.0": {
							"vector": [11.2052, 2.47779, 9.77381]
						},
						"2.0417": {
							"vector": [13.84333, 2.62701, 3.33093]
						},
						"2.125": {
							"vector": [4.56068, 4.3374, 0.55813]
						},
						"2.25": {
							"vector": [-14.44236, 9.19592, -1.35358]
						},
						"2.2917": {
							"vector": [0, 0, 0]
						},
						"2.3333": {
							"vector": [-0.16965, 0.0028, -0.76086]
						},
						"2.375": {
							"vector": [0.56367, 0.04578, 10.48222]
						},
						"2.4167": {
							"vector": [3.76555, 0.12187, -5.12361]
						},
						"2.4583": {
							"vector": [11.2052, 2.47779, 9.77381]
						},
						"2.5": {
							"vector": [13.84333, 2.62701, 3.33093]
						},
						"2.5833": {
							"vector": [4.56068, 4.3374, 0.55813]
						},
						"2.625": {
							"vector": [0, 0, 0]
						},
						"2.6667": {
							"vector": [-0.16965, 0.0028, -0.76086]
						},
						"2.7083": {
							"vector": [0.56367, 0.04578, 10.48222]
						},
						"2.75": {
							"vector": [3.76555, 0.12187, -5.12361]
						},
						"2.7917": {
							"vector": [11.2052, 2.47779, 9.77381]
						},
						"2.8333": {
							"vector": [13.84333, 2.62701, 3.33093]
						},
						"2.9167": {
							"vector": [4.56068, 4.3374, 0.55813]
						},
						"3.0": {
							"vector": [0, 0, 0]
						}
					},
					"scale": {
						"vector": [1, 1.4, 1]
					}
				}
			}
		}
	},
	"geckolib_format_version": 2
}